{
    "mallas": [
        {
            "nombre": "cuadradin",
            "vertices": [
                [
                    0.749786,
                    0.749786,
                    -0.749786
                ],
                [
                    0.749786,
                    -0.749786,
                    -0.749786
                ],
                [
                    0.749786,
                    0.749786,
                    0.749786
                ],
                [
                    0.749786,
                    -0.749786,
                    0.749786
                ],
                [
                    -0.749786,
                    0.749786,
                    -0.749786
                ],
                [
                    -0.749786,
                    -0.749786,
                    -0.749786
                ],
                [
                    -0.749786,
                    0.749786,
                    0.749786
                ],
                [
                    -0.749786,
                    -0.749786,
                    0.749786
                ]
            ],
            "normales": [
                [
                    0,
                    1,
                    0
                ],
                [
                    0,
                    0,
                    1
                ],
                [
                    -1,
                    0,
                    0
                ],
                [
                    0,
                    -1,
                    0
                ],
                [
                    1,
                    0,
                    0
                ],
                [
                    0,
                    0,
                    -1
                ]
            ],
            "coordTexturas": [
                [
                    0.875,
                    0.5
                ],
                [
                    0.625,
                    0.75
                ],
                [
                    0.625,
                    0.5
                ],
                [
                    0.375,
                    1
                ],
                [
                    0.375,
                    0.75
                ],
                [
                    0.625,
                    0
                ],
                [
                    0.375,
                    0.25
                ],
                [
                    0.375,
                    0
                ],
                [
                    0.375,
                    0.5
                ],
                [
                    0.125,
                    0.75
                ],
                [
                    0.125,
                    0.5
                ],
                [
                    0.625,
                    0.25
                ],
                [
                    0.875,
                    0.75
                ],
                [
                    0.625,
                    1
                ]
            ],
            "indices": [
                4,
                0,
                0,
                2,
                1,
                0,
                0,
                2,
                0,
                2,
                1,
                1,
                7,
                3,
                1,
                3,
                4,
                1,
                6,
                5,
                2,
                5,
                6,
                2,
                7,
                7,
                2,
                1,
                8,
                3,
                7,
                9,
                3,
                5,
                10,
                3,
                0,
                2,
                4,
                3,
                4,
                4,
                1,
                8,
                4,
                4,
                11,
                5,
                1,
                8,
                5,
                5,
                6,
                5,
                4,
                0,
                0,
                6,
                12,
                0,
                2,
                1,
                0,
                2,
                1,
                1,
                6,
                13,
                1,
                7,
                3,
                1,
                6,
                5,
                2,
                4,
                11,
                2,
                5,
                6,
                2,
                1,
                8,
                3,
                3,
                4,
                3,
                7,
                9,
                3,
                0,
                2,
                4,
                2,
                1,
                4,
                3,
                4,
                4,
                4,
                11,
                5,
                0,
                2,
                5,
                1,
                8,
                5
            ]
        }
    ]
}