{
	 "__metadata__": {
		 "format": "assimp2json"
		,"version": 100
	}
	,"rootnode": {
		 "name": "cubo.obj"
		,"transformation": [
			 1
			,0
			,0
			,0
			,0
			,1
			,0
			,0
			,0
			,0
			,1
			,0
			,0
			,0
			,0
			,1
		]
		,"children": [
			{
				 "name": "Cube"
				,"transformation": [
					 1
					,0
					,0
					,0
					,0
					,1
					,0
					,0
					,0
					,0
					,1
					,0
					,0
					,0
					,0
					,1
				]
				,"meshes": [
					 0
				]
			}
		]
	}
	,"flags": 0
	,"meshes": [
		{
			 "name": "Cube"
			,"materialindex": 1
			,"primitivetypes": 8
			,"vertices": [
				 0.661099
				,0.661099
				,-0.661099
				,-0.661099
				,0.661099
				,-0.661099
				,-0.661099
				,0.661099
				,0.661099
				,0.661099
				,0.661099
				,0.661099
				,0.661099
				,-0.661099
				,0.661099
				,0.661099
				,0.661099
				,0.661099
				,-0.661099
				,0.661099
				,0.661099
				,-0.661099
				,-0.661099
				,0.661099
				,-0.661099
				,-0.661099
				,0.661099
				,-0.661099
				,0.661099
				,0.661099
				,-0.661099
				,0.661099
				,-0.661099
				,-0.661099
				,-0.661099
				,-0.661099
				,-0.661099
				,-0.661099
				,-0.661099
				,0.661099
				,-0.661099
				,-0.661099
				,0.661099
				,-0.661099
				,0.661099
				,-0.661099
				,-0.661099
				,0.661099
				,0.661099
				,-0.661099
				,-0.661099
				,0.661099
				,0.661099
				,-0.661099
				,0.661099
				,0.661099
				,0.661099
				,0.661099
				,-0.661099
				,0.661099
				,-0.661099
				,-0.661099
				,-0.661099
				,-0.661099
				,0.661099
				,-0.661099
				,0.661099
				,0.661099
				,-0.661099
				,0.661099
				,-0.661099
				,-0.661099
			]
			,"normals": [
				 -0
				,1
				,-0
				,-0
				,1
				,-0
				,-0
				,1
				,-0
				,-0
				,1
				,-0
				,-0
				,-0
				,1
				,-0
				,-0
				,1
				,-0
				,-0
				,1
				,-0
				,-0
				,1
				,-1
				,-0
				,-0
				,-1
				,-0
				,-0
				,-1
				,-0
				,-0
				,-1
				,-0
				,-0
				,-0
				,-1
				,-0
				,-0
				,-1
				,-0
				,-0
				,-1
				,-0
				,-0
				,-1
				,-0
				,1
				,-0
				,-0
				,1
				,-0
				,-0
				,1
				,-0
				,-0
				,1
				,-0
				,-0
				,-0
				,-0
				,-1
				,-0
				,-0
				,-1
				,-0
				,-0
				,-1
				,-0
				,-0
				,-1
			]
			,"numuvcomponents": [
				 2
			]
			,"texturecoords": [
				[
					 0.625
					,0.5
					,0.875
					,0.5
					,0.875
					,0.75
					,0.625
					,0.75
					,0.375
					,0.75
					,0.625
					,0.75
					,0.625
					,1
					,0.375
					,1
					,0.375
					,0
					,0.625
					,0
					,0.625
					,0.25
					,0.375
					,0.25
					,0.125
					,0.5
					,0.375
					,0.5
					,0.375
					,0.75
					,0.125
					,0.75
					,0.375
					,0.5
					,0.625
					,0.5
					,0.625
					,0.75
					,0.375
					,0.75
					,0.375
					,0.25
					,0.625
					,0.25
					,0.625
					,0.5
					,0.375
					,0.5
				]
			]
			,"faces": [
				[
					 0
					,1
					,2
					,3
				]
				,[
					 4
					,5
					,6
					,7
				]
				,[
					 8
					,9
					,10
					,11
				]
				,[
					 12
					,13
					,14
					,15
				]
				,[
					 16
					,17
					,18
					,19
				]
				,[
					 20
					,21
					,22
					,23
				]
			]
		}
	]
	,"materials": [
		{
			 "properties": [
				{
					 "key": "?mat.name"
					,"semantic": 0
					,"index": 0
					,"type": 3
					,"value": "DefaultMaterial"
				}
				,{
					 "key": "$mat.shadingm"
					,"semantic": 0
					,"index": 0
					,"type": 4
					,"value": 2
				}
				,{
					 "key": "$mat.illum"
					,"semantic": 0
					,"index": 0
					,"type": 4
					,"value": 1
				}
				,{
					 "key": "$clr.ambient"
					,"semantic": 0
					,"index": 0
					,"type": 1
					,"value": [
						 0
						,0
						,0
					]
				}
				,{
					 "key": "$clr.diffuse"
					,"semantic": 0
					,"index": 0
					,"type": 1
					,"value": [
						 0.6
						,0.6
						,0.6
					]
				}
				,{
					 "key": "$clr.specular"
					,"semantic": 0
					,"index": 0
					,"type": 1
					,"value": [
						 0
						,0
						,0
					]
				}
				,{
					 "key": "$clr.emissive"
					,"semantic": 0
					,"index": 0
					,"type": 1
					,"value": [
						 0
						,0
						,0
					]
				}
				,{
					 "key": "$mat.shininess"
					,"semantic": 0
					,"index": 0
					,"type": 1
					,"value": 0
				}
				,{
					 "key": "$mat.opacity"
					,"semantic": 0
					,"index": 0
					,"type": 1
					,"value": 1
				}
				,{
					 "key": "$clr.transparent"
					,"semantic": 0
					,"index": 0
					,"type": 1
					,"value": [
						 1
						,1
						,1
					]
				}
				,{
					 "key": "$mat.anisotropyFactor"
					,"semantic": 0
					,"index": 0
					,"type": 1
					,"value": 0
				}
				,{
					 "key": "$mat.refracti"
					,"semantic": 0
					,"index": 0
					,"type": 1
					,"value": 1
				}
			]
		}
		,{
			 "properties": [
				{
					 "key": "?mat.name"
					,"semantic": 0
					,"index": 0
					,"type": 3
					,"value": "Material"
				}
				,{
					 "key": "$mat.shadingm"
					,"semantic": 0
					,"index": 0
					,"type": 4
					,"value": 3
				}
				,{
					 "key": "$mat.illum"
					,"semantic": 0
					,"index": 0
					,"type": 4
					,"value": 2
				}
				,{
					 "key": "$clr.ambient"
					,"semantic": 0
					,"index": 0
					,"type": 1
					,"value": [
						 1
						,1
						,1
					]
				}
				,{
					 "key": "$clr.diffuse"
					,"semantic": 0
					,"index": 0
					,"type": 1
					,"value": [
						 0.8
						,0.8
						,0.8
					]
				}
				,{
					 "key": "$clr.specular"
					,"semantic": 0
					,"index": 0
					,"type": 1
					,"value": [
						 0.5
						,0.5
						,0.5
					]
				}
				,{
					 "key": "$clr.emissive"
					,"semantic": 0
					,"index": 0
					,"type": 1
					,"value": [
						 0
						,0
						,0
					]
				}
				,{
					 "key": "$mat.shininess"
					,"semantic": 0
					,"index": 0
					,"type": 1
					,"value": 250
				}
				,{
					 "key": "$mat.opacity"
					,"semantic": 0
					,"index": 0
					,"type": 1
					,"value": 1
				}
				,{
					 "key": "$clr.transparent"
					,"semantic": 0
					,"index": 0
					,"type": 1
					,"value": [
						 1
						,1
						,1
					]
				}
				,{
					 "key": "$mat.anisotropyFactor"
					,"semantic": 0
					,"index": 0
					,"type": 1
					,"value": 0
				}
				,{
					 "key": "$mat.refracti"
					,"semantic": 0
					,"index": 0
					,"type": 1
					,"value": 1.45
				}
			]
		}
	]
}
