{
    "mallas": [
        {
            "nombre": "cubo",
            "vertices": [
                1, 2.680348, -1,
                1, 0.680348, -1,
                1, 2.680348, 1,
                1, 0.680348, 1,
                -1, 2.680348, -1,
                -1, 0.680348, -1,
                -1, 2.680348, 1,
                -1, 0.680348, 1
            ],
            "normales": [
                0, 1, 0,
                0, 0, 1,
                -1, 0, 0,
                0, -1, 0,
                1, 0, 0,
                0, 0, -1
            ],
            "coordTexturas": [
                0.625, 0.5, 0.875,
                0.5,  0.875, 0.75,
                0.625, 0.75, 0.375,
                0.75, 0.625, 1,
                0.375, 1, 0.375,
                0, 0.625, 0,
                0.625, 0.25, 0.375,
                0.25, 0.125, 0.5,
                0.375, 0.5, 0.125,
                0.75
            ],
            "indices": [
                0,
                0,
                0,
                4,
                1,
                0,
                6,
                2,
                0,
                2,
                3,
                0,
                3,
                4,
                1,
                2,
                3,
                1,
                6,
                5,
                1,
                7,
                6,
                1,
                7,
                7,
                2,
                6,
                8,
                2,
                4,
                9,
                2,
                5,
                10,
                2,
                5,
                11,
                3,
                1,
                12,
                3,
                3,
                4,
                3,
                7,
                13,
                3,
                1,
                12,
                4,
                0,
                0,
                4,
                2,
                3,
                4,
                3,
                4,
                4,
                5,
                10,
                5,
                4,
                9,
                5,
                0,
                0,
                5,
                1,
                12,
                5
            ],
            "colores": [
                1.0, 0.0, 0.0, 
                1.0, 0.0, 0.0,
                1.0, 0.0, 0.0,
                1.0, 0.0, 0.0,
                0.0, 1.0, 0.0,
                0.0, 1.0, 0.0,
                0.0, 1.0, 0.0,
                0.0, 1.0, 0.0,
                0.0, 0.0, 1.0,
                0.0, 0.0, 1.0,
                0.0, 0.0, 1.0,
                0.0, 0.0, 1.0
            ]
        }
    ]
}